date,stock_code,industry,weight_pct,asset_value,type_asset
2021-06-01,FPT,Công nghệ và thông tin,0.0,1496000,STOCK
2021-06-01,BOND,,28.67,60888400300,BOND
2021-06-01,CASH,,69.01,146576550335,CASH
2021-06-01,OTHER,,30.99,65819749722,OTHER
2021-07-01,FPT,Công nghệ và thông tin,0.0,1598000,STOCK
2021-07-01,BOND,,31.77,67880560300,BOND
2021-07-01,CASH,,66.42,141937409328,CASH
2021-07-01,OTHER,,33.58,71750340764,OTHER
2021-08-01,FPT,Công nghệ và thông tin,0.0,1570800,STOCK
2021-08-01,BOND,,39.47,85966950300,BOND
2021-08-01,CASH,,58.22,126796893074,CASH
2021-08-01,OTHER,,41.78,90990203440,OTHER
2021-09-01,FPT,Công nghệ và thông tin,0.0,1581000,STOCK
2021-09-01,BOND,,28.29,78155820300,BOND
2021-09-01,CASH,,51.47,142170010743,CASH
2021-09-01,OTHER,,48.53,134071412257,OTHER
2021-10-01,FPT,Công nghệ và thông tin,0.0,1647300,STOCK
2021-10-01,BOND,,29.02,78155820300,BOND
2021-10-01,CASH,,49.71,133873021819,CASH
2021-10-01,OTHER,,50.29,135431251985,OTHER
2021-11-01,FPT,Công nghệ và thông tin,0.0,1650700,STOCK
2021-11-01,BOND,,32.81,89372650000,BOND
2021-11-01,CASH,,64.22,174913142496,CASH
2021-11-01,OTHER,,35.78,97457001249,OTHER
2021-12-01,BOND,,38.15,103728980000,BOND
2021-12-01,CASH,,59.05,160538239834,CASH
2021-12-01,OTHER,,40.95,111328572876,OTHER
2022-01-01,BOND,,45.08,123952650000,BOND
2022-01-01,CASH,,52.45,144216765652,CASH
2022-01-01,OTHER,,47.55,130740384523,OTHER
2022-02-01,BOND,,50.07,154152160000,BOND
2022-02-01,CASH,,48.43,149111557554,CASH
2022-02-01,OTHER,,51.57,158768726852,OTHER
2022-03-01,BOND,,60.22,169111344900,BOND
2022-03-01,CASH,,37.56,105487617905,CASH
2022-03-01,OTHER,,62.44,175347444894,OTHER
2022-04-01,BOND,,54.37,160109210480,BOND
2022-04-01,CASH,,43.42,127872519580,CASH
2022-04-01,OTHER,,56.58,166613507214,OTHER
2022-05-01,BOND,,70.68,220336993490,BOND
2022-05-01,CASH,,27.13,84575403090,CASH
2022-05-01,OTHER,,72.87,227153526881,OTHER
2022-06-01,BOND,,63.28,234380879540,BOND
2022-06-01,CASH,,35.03,129745489895,CASH
2022-06-01,OTHER,,64.97,240656362596,OTHER
2022-07-01,BOND,,50.64,247981855310,BOND
2022-07-01,CASH,,48.44,237212344385,CASH
2022-07-01,OTHER,,51.56,252464226084,OTHER
2022-08-01,BOND,,61.6,529422739570,BOND
2022-08-01,CASH,,36.77,315996379384,CASH
2022-08-01,OTHER,,63.23,543399127558,OTHER
2022-09-01,BOND,,63.07,675197958350,BOND
2022-09-01,CASH,,34.44,368697802038,CASH
2022-09-01,OTHER,,65.56,701884405886,OTHER
2022-10-01,BOND,,78.13,579485673950,BOND
2022-10-01,CASH,,18.89,140101172790,CASH
2022-10-01,OTHER,,81.11,601631564087,OTHER
2022-11-01,BOND,,86.37,279185673530,BOND
2022-11-01,CASH,,10.46,33810607107,CASH
2022-11-01,OTHER,,89.54,289424591338,OTHER
2022-12-01,BOND,,85.82,252622205320,BOND
2022-12-01,CASH,,11.7,34435735054,CASH
2022-12-01,OTHER,,88.3,259918042077,OTHER
2023-01-01,BOND,,66.56,194362535250,BOND
2023-01-01,CASH,,31.26,91280870322,CASH
2023-01-01,OTHER,,68.74,200738167482,OTHER
2023-02-01,BOND,,68.45,200305612728,BOND
2023-02-01,CASH,,29.08,85105626640,CASH
2023-02-01,OTHER,,70.92,207505092176,OTHER
2023-03-01,BOND,,82.33,242537800850,BOND
2023-03-01,CASH,,16.11,47451811401,CASH
2023-03-01,OTHER,,83.89,247147630987,OTHER
2023-04-01,BOND,,79.19,234877624014,BOND
2023-04-01,CASH,,19.2,56944072802,CASH
2023-04-01,OTHER,,80.8,239659441821,OTHER
2023-05-01,BOND,,68.4,197696743111,BOND
2023-05-01,CASH,,29.51,85302349929,CASH
2023-05-01,OTHER,,70.49,203738187630,OTHER
2023-06-01,BOND,,67.92,196782149600,BOND
2023-06-01,CASH,,28.19,81674013479,CASH
2023-06-01,OTHER,,71.81,208034465353,OTHER
2023-07-01,BOND,,60.4,196152999508,BOND
2023-07-01,CASH,,37.31,121174212042,CASH
2023-07-01,OTHER,,62.69,203569359938,OTHER
2023-08-01,BOND,,57.96,248803622679,BOND
2023-08-01,CASH,,39.95,171484374577,CASH
2023-08-01,OTHER,,60.05,257786699405,OTHER
2023-09-01,BOND,,53.77,271045133697,BOND
2023-09-01,CASH,,43.81,220882954577,CASH
2023-09-01,OTHER,,56.19,283244570353,OTHER
2023-10-01,BOND,,48.27,336723493437,BOND
2023-10-01,CASH,,49.82,347544172063,CASH
2023-10-01,OTHER,,50.18,350104519482,OTHER
2023-11-01,BOND,,52.44,611610129421,BOND
2023-11-01,CASH,,45.66,532470593736,CASH
2023-11-01,OTHER,,54.34,633809194823,OTHER
2023-12-01,BOND,,45.06,783821851274,BOND
2023-12-01,CASH,,51.99,904311746179,CASH
2023-12-01,OTHER,,48.01,835031748492,OTHER
2024-01-01,BOND,,46.98,1072586573672,BOND
2024-01-01,CASH,,50.54,1153892617403,CASH
2024-01-01,OTHER,,49.46,1129120207115,OTHER
2024-02-01,BOND,,39.44,919964272250,BOND
2024-02-01,CASH,,59.08,1378039761960,CASH
2024-02-01,OTHER,,40.92,954456785300,OTHER
2024-03-01,BOND,,34.51,839703508584,BOND
2024-03-01,CASH,,64.13,1560312365248,CASH
2024-03-01,OTHER,,35.87,872597114745,OTHER
2024-04-01,BOND,,39.66,839092463298,BOND
2024-04-01,CASH,,58.93,1246872274962,CASH
2024-04-01,OTHER,,41.07,869014995231,OTHER
2024-05-01,BOND,,43.86,821632021526,BOND
2024-05-01,CASH,,54.13,1014186406151,CASH
2024-05-01,OTHER,,45.87,859306827267,OTHER
2024-06-01,BOND,,39.22,665672051094,BOND
2024-06-01,CASH,,52.87,897411039987,CASH
2024-06-01,OTHER,,47.13,799941016229,OTHER
2024-07-01,BOND,,34.76,622338122944,BOND
2024-07-01,CASH,,64.09,1147514213290,CASH
2024-07-01,OTHER,,35.91,642853342799,OTHER
2024-08-01,BOND,,56.57,785670522887,BOND
2024-08-01,CASH,,34.84,483798083083,CASH
2024-08-01,OTHER,,65.16,905015269995,OTHER
2024-09-01,BOND,,46.59,565376481686,BOND
2024-09-01,CASH,,51.95,630498696966,CASH
2024-09-01,OTHER,,48.05,583145835062,OTHER
2024-10-01,BOND,,36.29,450680537690,BOND
2024-10-01,CASH,,61.9,768740792818,CASH
2024-10-01,OTHER,,38.1,473146203800,OTHER
2024-11-01,BOND,,42.95,489967799748,BOND
2024-11-01,CASH,,54.82,625404337181,CASH
2024-11-01,OTHER,,45.18,515327578576,OTHER
2024-12-01,BOND,,32.82,392779969928,BOND
2024-12-01,CASH,,65.12,779321835814,CASH
2024-12-01,OTHER,,34.88,417497893028,OTHER
2025-01-01,BOND,,36.57,433980722827,BOND
2025-01-01,CASH,,61.05,724460899858,CASH
2025-01-01,OTHER,,38.95,462193730690,OTHER
2025-02-01,BOND,,30.87,392200898273,BOND
2025-02-01,CASH,,68.1,865286336249,CASH
2025-02-01,OTHER,,31.9,405322193148,OTHER
2025-03-01,BOND,,31.18,384570554749,BOND
2025-03-01,CASH,,67.82,836647196936,CASH
2025-03-01,OTHER,,32.18,396938212050,OTHER
2025-04-01,BOND,,42.14,461961923315,BOND
2025-04-01,CASH,,56.67,621175961489,CASH
2025-04-01,OTHER,,43.33,474990948969,OTHER
2025-05-01,BOND,,36.49,474482043198,BOND
2025-05-01,CASH,,62.17,808417867379,CASH
2025-05-01,OTHER,,37.83,491917952376,OTHER
2025-06-01,BOND,,34.57,529413561636,BOND
2025-06-01,CASH,,63.72,976029200007,CASH
2025-06-01,OTHER,,36.28,555597950933,OTHER
2025-07-01,BOND,,32.85,619281152406,BOND
2025-07-01,CASH,,65.49,1234359314532,CASH
2025-07-01,OTHER,,34.51,650562951023,OTHER
2025-08-01,BOND,,29.99,589508094536,BOND
2025-08-01,CASH,,68.85,1353236562053,CASH
2025-08-01,OTHER,,31.15,612223865839,OTHER
2025-09-01,BOND,,32.66,660453231831,BOND
2025-09-01,CASH,,65.62,1326787062701,CASH
2025-09-01,OTHER,,34.38,695286032675,OTHER
2025-10-01,BOND,,33.03,640368526776,BOND
2025-10-01,CASH,,64.31,1246687139949,CASH
2025-10-01,OTHER,,35.69,692008375498,OTHER
2025-11-01,BOND,,38.19,695769034847,BOND
2025-11-01,CASH,,59.66,1087004054815,CASH
2025-11-01,OTHER,,40.34,734850971035,OTHER
2025-12-01,BOND,,52.25,714813798775,BOND
2025-12-01,CASH,,45.2,618387150017,CASH
2025-12-01,OTHER,,54.8,749615686381,OTHER
2026-01-01,BOND,,53.9,637309440016,BOND
2026-01-01,CASH,,43.57,515132008384,CASH
2026-01-01,OTHER,,56.43,667272306140,OTHER
2026-02-01,BOND,,55.2,655183122795,BOND
2026-02-01,CASH,,42.9,509199100602,CASH
2026-02-01,OTHER,,57.1,677810854602,OTHER
2026-03-01,BOND,,55.98,585818177790,BOND
2026-03-01,CASH,,42.12,440760268283,CASH
2026-03-01,OTHER,,57.88,605707234746,OTHER
2026-04-01,BOND,,62.98,514459960462,BOND
2026-04-01,CASH,,35.04,286180393604,CASH
2026-04-01,OTHER,,64.96,530621132202,OTHER
2026-05-01,BOND,,56.25,439601425077,BOND
2026-05-01,CASH,,41.54,324647981407,CASH
2026-05-01,OTHER,,58.46,456871664466,OTHER
2026-06-01,BOND,,46.12,349568231168,BOND
2026-06-01,CASH,,50.52,382933920622,CASH
2026-06-01,OTHER,,49.48,375084118898,OTHER
2026-07-01,BOND,,52.14,299850526768,BOND
2026-07-01,CASH,,46.06,264887616876,CASH
2026-07-01,OTHER,,53.94,310181528219,OTHER
